{"centro_titularidad":"PÚBLICO","promedio_x":440157.3842874543,"promedio_y":4474481.943970768}
{"centro_titularidad":"PRIVADO","promedio_x":439602.9362934363,"promedio_y":4476838.754826255}
{"centro_titularidad":"PRIVADO CONCERTADO","promedio_x":440264.7489361702,"promedio_y":4474293.580851064}
{"centro_titularidad":"PÚBLICO-TITULARIDAD PRIVADA","promedio_x":438924.0,"promedio_y":4479147.0}
